https://www.instagram.com/p/B3NP2_8ndzbyJHM-DBl723OSyetJDnBYuBbutc0/,2
https://www.youtube.com/watch?v=_4mzYpEFNwQ,1
https://www.youtube.com/watch?v=_8ntX4fBSoI,1
https://www.youtube.com/watch?v=_Z-Nu351j58,2
https://www.youtube.com/watch?v=-0Xa4bHcJu8,1
https://www.youtube.com/watch?v=-3WuQxnA7Hg,1
https://www.youtube.com/watch?v=-6TWUg-iGbY,1
https://www.youtube.com/watch?v=-m-vVKHideI,1
https://www.youtube.com/watch?v=-Pi5TuFhHqg,1
https://www.youtube.com/watch?v=-qgreAUpPwM,1
https://www.youtube.com/watch?v=-TcLxlkc2pA,1
https://www.youtube.com/watch?v=-tt9ucyHV-I,2
https://www.youtube.com/watch?v=-VsmF9m_Nt8,1
https://www.youtube.com/watch?v=-w-58hQ9dLk,1
https://www.youtube.com/watch?v=-Xo64Q2ucQ8,2
https://www.youtube.com/watch?v=-ygpqVr7_xs,1
https://www.youtube.com/watch?v=-Z5D7rzK9vM,2
https://www.youtube.com/watch?v=08buHWUNwLw,3
https://www.youtube.com/watch?v=0F5k70xwGSk,1
https://www.youtube.com/watch?v=0h-gbeI0AFQ,2
https://www.youtube.com/watch?v=0habxsuXW4g,2
https://www.youtube.com/watch?v=0hgMPxctdq8,1
https://www.youtube.com/watch?v=0iUTZajxlWI,1
https://www.youtube.com/watch?v=0lczHvB3Y9s,1
https://www.youtube.com/watch?v=0QELtdt8ISw,1
https://www.youtube.com/watch?v=15nNY7uofNw,1
https://www.youtube.com/watch?v=16v2eojZ_l8,1
https://www.youtube.com/watch?v=17jymDn0W6U,1
https://www.youtube.com/watch?v=19DSG8i2uog,1
https://www.youtube.com/watch?v=1K01yLQxgrY,1
https://www.youtube.com/watch?v=1lqIS7RS4Ho,1
https://www.youtube.com/watch?v=1U2eeZQkaQs,1
https://www.youtube.com/watch?v=1ZRsYtT_pKw,1
https://www.youtube.com/watch?v=1zWagEnd9Xs,1
https://www.youtube.com/watch?v=23B017ZVIx4,1
https://www.youtube.com/watch?v=2b-m9iZSz2E,1
https://www.youtube.com/watch?v=2Bjy5YQ5xPc,1
https://www.youtube.com/watch?v=2ERAiv3l-3o,2
https://www.youtube.com/watch?v=2Fe11OlMiz8,2
https://www.youtube.com/watch?v=2NjipNlbar0,1
https://www.youtube.com/watch?v=2RtI5UEZlzU,3
https://www.youtube.com/watch?v=2WoDQBhJCVQ,1
https://www.youtube.com/watch?v=2WWNBjz_rxs,1
https://www.youtube.com/watch?v=3-IXD2GVTYQ,1
https://www.youtube.com/watch?v=3DSgsON3u8E,1
https://www.youtube.com/watch?v=3gJKKRvN95M,1
https://www.youtube.com/watch?v=3Kw1BT6hY9Q,2
https://www.youtube.com/watch?v=3nx7_G5R0oA,3
https://www.youtube.com/watch?v=3q7oJuyy5Ac,2
https://www.youtube.com/watch?v=3zQ53oXITyk,3
https://www.youtube.com/watch?v=40FA9tAI6RE,3
https://www.youtube.com/watch?v=45xep-S8s0M,1
https://www.youtube.com/watch?v=4jgESE9oJRE,1
https://www.youtube.com/watch?v=4jl-6Fg3Zx8,3
https://www.youtube.com/watch?v=4MrnC5eZp_c,1
https://www.youtube.com/watch?v=4n6WEDMxCb8,1
https://www.youtube.com/watch?v=4pkhEyRoidk,1
https://www.youtube.com/watch?v=4PurXRxrhhs,1
https://www.youtube.com/watch?v=4t0I10eMoJU,1
https://www.youtube.com/watch?v=4t0jDUQ2aJ4,2
https://www.youtube.com/watch?v=4vrMKl2zltA,1
https://www.youtube.com/watch?v=56OzqxGMr_U,1
https://www.youtube.com/watch?v=5b15BAUxpPQ,1
https://www.youtube.com/watch?v=5CiHn8Bwhd0,1
https://www.youtube.com/watch?v=5muY64Oyp10,1
https://www.youtube.com/watch?v=5pF7cXo1qC0,3
https://www.youtube.com/watch?v=5RMM9qXiEsw,2
https://www.youtube.com/watch?v=5RsOkhR6KBc,1
https://www.youtube.com/watch?v=5TrN9RxqP4Q,2
https://www.youtube.com/watch?v=5xzD3R9JP64,1
https://www.youtube.com/watch?v=6LLNzVHcnoI,2
https://www.youtube.com/watch?v=6P5NNwQk53w,1
https://www.youtube.com/watch?v=6qkUj9OPKnU,3
https://www.youtube.com/watch?v=6rVdqfgcGWY,1
https://www.youtube.com/watch?v=6TsEGt841pw,1
https://www.youtube.com/watch?v=758Y3qGecX4,1
https://www.youtube.com/watch?v=7ekZwkmWzH0,3
https://www.youtube.com/watch?v=7GwGu8QVpLU,1
https://www.youtube.com/watch?v=7MxgJS3LBrw,2
https://www.youtube.com/watch?v=7nOWBS1WoS0,1
https://www.youtube.com/watch?v=7OYkWSW7u4k,1
https://www.youtube.com/watch?v=7QZ6S6tfF78,1
https://www.youtube.com/watch?v=7T2oje4cYxw,1
https://www.youtube.com/watch?v=7tR1IHA4j4M,2
https://www.youtube.com/watch?v=7zoz3s7GL7I,1
https://www.youtube.com/watch?v=84WpcmJ28Yg,2
https://www.youtube.com/watch?v=8eXj97stbG8,1
https://www.youtube.com/watch?v=8Q2FjJAUT0U,2
https://www.youtube.com/watch?v=8VLthL1TSsM,1
https://www.youtube.com/watch?v=8vSGZfhubNk,1
https://www.youtube.com/watch?v=8wc83qX6oNM,1
https://www.youtube.com/watch?v=95LVthJfDzY,2
https://www.youtube.com/watch?v=9bZkp7q19f0,2
https://www.youtube.com/watch?v=9DlD7-TykIU,2
https://www.youtube.com/watch?v=9EiinQ1QNXU,1
https://www.youtube.com/watch?v=9g3--WYH8SY,1
https://www.youtube.com/watch?v=9pCybcpkm5c,1
https://www.youtube.com/watch?v=9Q2CqsElc1I,2
https://www.youtube.com/watch?v=9sgg2lTGId4,1
https://www.youtube.com/watch?v=9VDvgL58h_Y,1
https://www.youtube.com/watch?v=9vu4AN2bc-M,3
https://www.youtube.com/watch?v=A1MkBNoCnfc,1
https://www.youtube.com/watch?v=A1UhABiAfVk,1
https://www.youtube.com/watch?v=a1Y73sPHKxw,2
https://www.youtube.com/watch?v=A22_vNO3DEg,1
https://www.youtube.com/watch?v=A43JOxLa5MM,1
https://www.youtube.com/watch?v=A6KbnKroEi0,2
https://www.youtube.com/watch?v=A8dXBA_XTLk,1
https://www.youtube.com/watch?v=aa22MBGkl9o,2
https://www.youtube.com/watch?v=Aduo1byPFIk,2
https://www.youtube.com/watch?v=Afpc_EcohcY,1
https://www.youtube.com/watch?v=ahW94AteSbE,1
https://www.youtube.com/watch?v=ALWLELLlv6E,1
https://www.youtube.com/watch?v=aOLYSELQfpA,1
https://www.youtube.com/watch?v=aqCvjGEzMTI,3
https://www.youtube.com/watch?v=aRsWk4JZa5k,1
https://www.youtube.com/watch?v=ARTzw4VEenU,1
https://www.youtube.com/watch?v=aTE9f9JXEIk,2
https://www.youtube.com/watch?v=awa87mmCKpM,2
https://www.youtube.com/watch?v=ayoGtGOvnH0,1
https://www.youtube.com/watch?v=aZSDmAk20G0,2
https://www.youtube.com/watch?v=B-NllEIfMug,1
https://www.youtube.com/watch?v=b3_lVSrPB6w,1
https://www.youtube.com/watch?v=Bd7xFdo99Ic,1
https://www.youtube.com/watch?v=bdFk35yT0ac,2
https://www.youtube.com/watch?v=bDL8yu34fz0,1
https://www.youtube.com/watch?v=bE4C8a48o1E,1
https://www.youtube.com/watch?v=beb8zCGMsbI,1
https://www.youtube.com/watch?v=BeSdSrCKp-8,2
https://www.youtube.com/watch?v=bgL-5KiJhrg,1
https://www.youtube.com/watch?v=bgo0CDL6bd0,1
https://www.youtube.com/watch?v=BIRdoB8ZMUk,1
https://www.youtube.com/watch?v=bKlfuWrNYWg,1
https://www.youtube.com/watch?v=BKOhTVkt2xA,1
https://www.youtube.com/watch?v=bLa6IpTgdv0,1
https://www.youtube.com/watch?v=bNDpstGdTu8,1
https://www.youtube.com/watch?v=BnzN3zDKFEI,1
https://www.youtube.com/watch?v=bpcLLUFWCtM,1
https://www.youtube.com/watch?v=bpFsebeKAcc,2
https://www.youtube.com/watch?v=BQKfvJYZrKQ,1
https://www.youtube.com/watch?v=bSJAwndDTds,1
https://www.youtube.com/watch?v=BSpAWkQLlgM,1
https://www.youtube.com/watch?v=bvim4rsNHkQ,1
https://www.youtube.com/watch?v=BwDlxgWmznM,1
https://www.youtube.com/watch?v=bwyUfgLwFcM,1
https://www.youtube.com/watch?v=BXpu6tbFCsI,1
https://www.youtube.com/watch?v=byA776titoI,2
https://www.youtube.com/watch?v=bZe5J8SVCYQ,1
https://www.youtube.com/watch?v=c2x5jevOrbU,2
https://www.youtube.com/watch?v=c7bRxdhUtWM,2
https://www.youtube.com/watch?v=c8W-auqg024,1
https://www.youtube.com/watch?v=CcTveWwUqCg,1
https://www.youtube.com/watch?v=CEgC8V9pf-g,1
https://www.youtube.com/watch?v=CFltd2838gc,1
https://www.youtube.com/watch?v=CJU7Siaifo8,3
https://www.youtube.com/watch?v=cmO6QkJhuu4,2
https://www.youtube.com/watch?v=CqZFZfVT6cU,1
https://www.youtube.com/watch?v=CzrtgRtQKts,2
https://www.youtube.com/watch?v=d-guQ3Pki-0,1
https://www.youtube.com/watch?v=d1dl6hShLYE,1
https://www.youtube.com/watch?v=da7iGPigiz4,1
https://www.youtube.com/watch?v=DGCCMPXCNk0,1
https://www.youtube.com/watch?v=DHNxuHm6i2s,1
https://www.youtube.com/watch?v=dhqyMblMjGg,3
https://www.youtube.com/watch?v=diOhwvRYlsU,1
https://www.youtube.com/watch?v=dKjCWfuvYxQ,1
https://www.youtube.com/watch?v=DM-O603QXHg,2
https://www.youtube.com/watch?v=dNJdJIwCF_Y,1
https://www.youtube.com/watch?v=dOBhf8f7cXM,1
https://www.youtube.com/watch?v=dP2lyc53qtI,1
https://www.youtube.com/watch?v=dQw4w9WgXcQ,2
https://www.youtube.com/watch?v=DQZ1QfyuMqM,1
https://www.youtube.com/watch?v=duVq7cXWcYw,1
https://www.youtube.com/watch?v=dxG9vCyKSw8,1
https://www.youtube.com/watch?v=dyMXYE_50Ts,1
https://www.youtube.com/watch?v=e_IEtLU5c9M,2
https://www.youtube.com/watch?v=e2oRkyzURkU,2
https://www.youtube.com/watch?v=E3Ed_PqpF6o,1
https://www.youtube.com/watch?v=eaDeTV-LLYA,1
https://www.youtube.com/watch?v=eDn8y7j8kSk,1
https://www.youtube.com/watch?v=eHCquwkR0kU,1
https://www.youtube.com/watch?v=EIK-YIZzk9c,1
https://www.youtube.com/watch?v=EKkzbbLYPuI,2
https://www.youtube.com/watch?v=El-cWp71A4Q,1
https://www.youtube.com/watch?v=EmOSk2wi0WI,2
https://www.youtube.com/watch?v=En4l0uIWxBc,1
https://www.youtube.com/watch?v=EPxPwLfKIsM,3
https://www.youtube.com/watch?v=equC7GEUt6k,2
https://www.youtube.com/watch?v=erh2ngRZxs0,1
https://www.youtube.com/watch?v=ES9MhTnnlag,3
https://www.youtube.com/watch?v=esfSH6qmuH0,1
https://www.youtube.com/watch?v=EShUeudtaFg,1
https://www.youtube.com/watch?v=eWM2joNb9NE,1
https://www.youtube.com/watch?v=EWMPVn1kgIQ,2
https://www.youtube.com/watch?v=Ey5GItze-BY,2
https://www.youtube.com/watch?v=eyDH9hHFge8,1
https://www.youtube.com/watch?v=f5d8pVg3Qtg,1
https://www.youtube.com/watch?v=f5Y_4geeFYw,1
https://www.youtube.com/watch?v=f8iAgq4Wcno,3
https://www.youtube.com/watch?v=f9WNLZW-kpc,1
https://www.youtube.com/watch?v=fAdFL_6ii4U,2
https://www.youtube.com/watch?v=FavUpD_IjVY,1
https://www.youtube.com/watch?v=FBgLytbB-uE,1
https://www.youtube.com/watch?v=Fc1P-AEaEp8,1
https://www.youtube.com/watch?v=fC8yl41v168,1
https://www.youtube.com/watch?v=ffyKY3Dj5ZE,1
https://www.youtube.com/watch?v=FgETpFnl7fg,1
https://www.youtube.com/watch?v=fGFNmEOntFA,3
https://www.youtube.com/watch?v=FGltmnWu8lk,2
https://www.youtube.com/watch?v=fJGEs-C0zi8,2
https://www.youtube.com/watch?v=FnIMCpevwTs,1
https://www.youtube.com/watch?v=Fo7XPvwRgG8,1
https://www.youtube.com/watch?v=foa7TelwLNY,2
https://www.youtube.com/watch?v=FPF2e9_nPig,1
https://www.youtube.com/watch?v=FPZi51GL3cs,1
https://www.youtube.com/watch?v=fq7oauciBdc,1
https://www.youtube.com/watch?v=FqWgTM4di4s,1
https://www.youtube.com/watch?v=FTQbiNvZqaY,2
https://www.youtube.com/watch?v=fTvpU7ahimw,1
https://www.youtube.com/watch?v=fVvjuUcYG_M,1
https://www.youtube.com/watch?v=fYVaHVHuARA,1
https://www.youtube.com/watch?v=FZBo2wBH0zE,1
https://www.youtube.com/watch?v=G025oxyWv0E,1
https://www.youtube.com/watch?v=g2CMi09S-fA,1
https://www.youtube.com/watch?v=G4ZDhT_pDRc,1
https://www.youtube.com/watch?v=G8iEMVr7GFg,2
https://www.youtube.com/watch?v=GazlqD4mLvw,1
https://www.youtube.com/watch?v=gcRJr9xQSAE,1
https://www.youtube.com/watch?v=ghtL1fPvsqM,3
https://www.youtube.com/watch?v=giS0BrfXUmM,1
https://www.youtube.com/watch?v=GjatG8QFoOk,2
https://www.youtube.com/watch?v=GjHQ2ih6baU,3
https://www.youtube.com/watch?v=gkkhQcFg-ZE,2
https://www.youtube.com/watch?v=gocwRvLhDf8,1
https://www.youtube.com/watch?v=GQvHtTun0oE,2
https://www.youtube.com/watch?v=gsH_oUaFmas,2
https://www.youtube.com/watch?v=gu03JsbjkK0,1
https://www.youtube.com/watch?v=GVCzdpagXOQ,2
https://www.youtube.com/watch?v=gwgzTsO46yc,1
https://www.youtube.com/watch?v=gx1ntbNIuGk,1
https://www.youtube.com/watch?v=GZGY0wPAnus,1
https://www.youtube.com/watch?v=H18XBTDNF78,1
https://www.youtube.com/watch?v=Hb7w-dIjNHI,1
https://www.youtube.com/watch?v=HBxn56l9WcU,1
https://www.youtube.com/watch?v=hbzGGrHLUxw,1
https://www.youtube.com/watch?v=hdjCid4GTTg,1
https://www.youtube.com/watch?v=hEvGKUXW0iI,2
https://www.youtube.com/watch?v=Hez55mhB8UA,2
https://www.youtube.com/watch?v=hggISFswKcw,1
https://www.youtube.com/watch?v=hh2zj8lR-ro,1
https://www.youtube.com/watch?v=hn1VxaMEjRU,1
https://www.youtube.com/watch?v=Hod4jMI6cW0,1
https://www.youtube.com/watch?v=HRPwMBAtfTY,1
https://www.youtube.com/watch?v=I3E650chHCs,1
https://www.youtube.com/watch?v=IbmjF7qLfY8,1
https://www.youtube.com/watch?v=IbRtGMm96F8,2
https://www.youtube.com/watch?v=igg3XHl1wAc,2
https://www.youtube.com/watch?v=IJNR2EpS0jw,2
https://www.youtube.com/watch?v=IMoGdZLIRn8,1
https://www.youtube.com/watch?v=InYvRyX2Fu4,3
https://www.youtube.com/watch?v=IObsMcwtiso,1
https://www.youtube.com/watch?v=iqX9W8WWWKE,1
https://www.youtube.com/watch?v=iRtu8FgYIAU,1
https://www.youtube.com/watch?v=iRZ2Sh5-XuM,1
https://www.youtube.com/watch?v=ItMJtA8vfpw,1
https://www.youtube.com/watch?v=iUKjJn0rOec,1
https://www.youtube.com/watch?v=IuysY1BekOE,1
https://www.youtube.com/watch?v=ivIbqkkTij4,1
https://www.youtube.com/watch?v=iVjvoQD5dQE,3
https://www.youtube.com/watch?v=iXuc7SAyk2s,1
https://www.youtube.com/watch?v=IYg70N2vSkg,2
https://www.youtube.com/watch?v=j0_fVzTJO-8,1
https://www.youtube.com/watch?v=j3FKkM_aOy8,1
https://www.youtube.com/watch?v=j48Z3W35FI0,1
https://www.youtube.com/watch?v=J5B3jdl1Ixs,2
https://www.youtube.com/watch?v=jBqyOOoMqXM,2
https://www.youtube.com/watch?v=jc7LyERAKc0,1
https://www.youtube.com/watch?v=jcA--c2U4Wg,2
https://www.youtube.com/watch?v=Jcghl0lbDSk,1
https://www.youtube.com/watch?v=jCNNNv7AAYk,1
https://www.youtube.com/watch?v=JdxkVQy7QLM,1
https://www.youtube.com/watch?v=jgLzrTPkdgI,2
https://www.youtube.com/watch?v=JIL7rdJjjcI,1
https://www.youtube.com/watch?v=JKJExBXRorA,3
https://www.youtube.com/watch?v=jlFiyihgMG8,1
https://www.youtube.com/watch?v=jLO1CPYv0hc,1
https://www.youtube.com/watch?v=jNQXAC9IVRw,1
https://www.youtube.com/watch?v=Jqu4aNbdFp8,1
https://www.youtube.com/watch?v=jrbsdb_o5XE,1
https://www.youtube.com/watch?v=jRLfGwQ7Nsw,2
https://www.youtube.com/watch?v=JV0w4UFndlQ,1
https://www.youtube.com/watch?v=JwtA3YXjjAA,2
https://www.youtube.com/watch?v=k3vBqX1NTBc,1
https://www.youtube.com/watch?v=k7EqoT5YOqk,1
https://www.youtube.com/watch?v=K9IVB8ZOlKQ,1
https://www.youtube.com/watch?v=KAOdjqyG37A,1
https://www.youtube.com/watch?v=KdiPRHUwI7A,2
https://www.youtube.com/watch?v=kfVsfOSbJY0,2
https://www.youtube.com/watch?v=kG2rXmv_73c,3
https://www.youtube.com/watch?v=KGJtfOHAT0g,1
https://www.youtube.com/watch?v=khOfSVULtsU,1
https://www.youtube.com/watch?v=KhRDcxebVFk,1
https://www.youtube.com/watch?v=kJQP7kiw5Fk,2
https://www.youtube.com/watch?v=KmtzQCSh6xk,1
https://www.youtube.com/watch?v=kNm-b1UXGTY,2
https://www.youtube.com/watch?v=Kpi5UXuoCzQ,1
https://www.youtube.com/watch?v=KTjGdx-55pA,2
https://www.youtube.com/watch?v=KUoqBj3vJ7Q,3
https://www.youtube.com/watch?v=kx_G2a2hL6U,1
https://www.youtube.com/watch?v=kXF3VYYa5TI,1
https://www.youtube.com/watch?v=kzwQ5NHXE-k,1
https://www.youtube.com/watch?v=l0Nc0-dFwAI,1
https://www.youtube.com/watch?v=l1Qerh-h5Vc,1
https://www.youtube.com/watch?v=L1TDePrRomY,1
https://www.youtube.com/watch?v=l3l83C-we-k,2
https://www.youtube.com/watch?v=l789l6np-qA,1
https://www.youtube.com/watch?v=LA4CTzhrLu8,1
https://www.youtube.com/watch?v=LfRNRymrv9k,2
https://www.youtube.com/watch?v=lGVoZuMbTI4,1
https://www.youtube.com/watch?v=LlFG9gxENkA,1
https://www.youtube.com/watch?v=LnDp_wWKcEE,2
https://www.youtube.com/watch?v=Lo5BRAKvJoA,1
https://www.youtube.com/watch?v=lqj-QNYsZFk,1
https://www.youtube.com/watch?v=lrpnlywd7aU,1
https://www.youtube.com/watch?v=Luyla4FavTI,1
https://www.youtube.com/watch?v=lVjswv436lY,3
https://www.youtube.com/watch?v=lXMskKTw3Bc,2
https://www.youtube.com/watch?v=LxWOzAmLL9Q,1
https://www.youtube.com/watch?v=lzkOFJMI5i8,1
https://www.youtube.com/watch?v=m_HdrywerGE,2
https://www.youtube.com/watch?v=M0Ncawy2LJc,1
https://www.youtube.com/watch?v=m4bazxAwGCQ,1
https://www.youtube.com/watch?v=m7mXp6tX5oo,1
https://www.youtube.com/watch?v=mbeC2w-uIEU,1
https://www.youtube.com/watch?v=MciqL-IJY5I,1
https://www.youtube.com/watch?v=MEuGmyxGl2o,2
https://www.youtube.com/watch?v=Mh5LY4Mz15o,1
https://www.youtube.com/watch?v=mhlR5WKDkC8,1
https://www.youtube.com/watch?v=mI-yr1wOp0k,3
https://www.youtube.com/watch?v=MKrpadhcC8g,1
https://www.youtube.com/watch?v=MosXFE4-87M,1
https://www.youtube.com/watch?v=mPzJZilT14I,2
https://www.youtube.com/watch?v=MRW7d7PIZ6U,2
https://www.youtube.com/watch?v=MUINFs1Sp94,1
https://www.youtube.com/watch?v=mV065g481yA,2
https://www.youtube.com/watch?v=mvz3LRK263E,1
https://www.youtube.com/watch?v=mwkmgqbYXdE,1
https://www.youtube.com/watch?v=MyH9kS0IAMw,1
https://www.youtube.com/watch?v=n-J8akT3ndo,2
https://www.youtube.com/watch?v=N1wdzkXnDSM,2
https://www.youtube.com/watch?v=n4JD-3-UAzM,1
https://www.youtube.com/watch?v=nANdDIDQ2rc,2
https://www.youtube.com/watch?v=NATZy-ZqD7A,2
https://www.youtube.com/watch?v=nAYtztCJvr0,1
https://www.youtube.com/watch?v=nC-bVtpIMd4,1
https://www.youtube.com/watch?v=NCnWkhliBHM,1
https://www.youtube.com/watch?v=NDjDgvXlfVw,1
https://www.youtube.com/watch?v=nfdEdE96En0,1
https://www.youtube.com/watch?v=nfxpwbWBNuU,1
https://www.youtube.com/watch?v=nIwrgAnx6Q8,1
https://www.youtube.com/watch?v=Nlbrx4Wrko8,1
https://www.youtube.com/watch?v=nMbNxxpwSoU,2
https://www.youtube.com/watch?v=NMWkutTsVgQ,1
https://www.youtube.com/watch?v=NogC2IkaaAI,1
https://www.youtube.com/watch?v=nPDH4lZB6HU,2
https://www.youtube.com/watch?v=nrdlIWdJqok,1
https://www.youtube.com/watch?v=nuCIA31LfIU,1
https://www.youtube.com/watch?v=NuRa_sbJpxE,1
https://www.youtube.com/watch?v=nZvMdMjAQSk,1
https://www.youtube.com/watch?v=o0u4M6vppCI,1
https://www.youtube.com/watch?v=o42hhcH4VjE,1
https://www.youtube.com/watch?v=OCa6O-oMcNY,2
https://www.youtube.com/watch?v=ocXD-E9YOIc,3
https://www.youtube.com/watch?v=oeb5LdAyLC8,1
https://www.youtube.com/watch?v=OeBG0QIRNtY,1
https://www.youtube.com/watch?v=ofiD-cD4LH8,2
https://www.youtube.com/watch?v=OI1JRbwDHdk,1
https://www.youtube.com/watch?v=oI8trlbCbU8,1
https://www.youtube.com/watch?v=OIj8NphrAFI,2
https://www.youtube.com/watch?v=oIkhgagvrjI,1
https://www.youtube.com/watch?v=OImabGvoQNs,2
https://www.youtube.com/watch?v=oJ4S1QertFA,1
https://www.youtube.com/watch?v=OJt5e-hWR3Q,1
https://www.youtube.com/watch?v=oLYG0TiFxdw,3
https://www.youtube.com/watch?v=OpKOm-LLRhA,1
https://www.youtube.com/watch?v=OTf5S_ufG_c,1
https://www.youtube.com/watch?v=oWTgvRGwzWg,1
https://www.youtube.com/watch?v=oyuoUwxCLMs,1
https://www.youtube.com/watch?v=OzOh9cTbX60,1
https://www.youtube.com/watch?v=P_s1ZXG_4VA,2
https://www.youtube.com/watch?v=p0jDmbS3QPg,2
https://www.youtube.com/watch?v=P0Vz-lIG1D0,1
https://www.youtube.com/watch?v=P2P_geamYPI,1
https://www.youtube.com/watch?v=P4ramoioWnw,1
https://www.youtube.com/watch?v=pB7T_J5K7_4,2
https://www.youtube.com/watch?v=PdKv2TF52IQ,1
https://www.youtube.com/watch?v=pFjdfjrtf1Q,2
https://www.youtube.com/watch?v=phm5kqlxUU4,1
https://www.youtube.com/watch?v=PJPVrt2vQ9A,3
https://www.youtube.com/watch?v=pLJegq01S6A,1
https://www.youtube.com/watch?v=pnv5iKB2hl4,1
https://www.youtube.com/watch?v=pohAqWhmb7Y,2
https://www.youtube.com/watch?v=pRhjWdr-LAA,1
https://www.youtube.com/watch?v=PsuoXi2D6tM,2
https://www.youtube.com/watch?v=pv0q6oBmZxo,2
https://www.youtube.com/watch?v=pyiLBeP90Rs,1
https://www.youtube.com/watch?v=PzZynoRPKkk,1
https://www.youtube.com/watch?v=q-qqrGtlHkg,1
https://www.youtube.com/watch?v=q1ywTBzLFuQ,1
https://www.youtube.com/watch?v=q1z19p48lZU,1
https://www.youtube.com/watch?v=Q2UVnY6tuCA,1
https://www.youtube.com/watch?v=q39YXMaRvyI,1
https://www.youtube.com/watch?v=Q3ZGObNcpOw,1
https://www.youtube.com/watch?v=q5-cZIpldFk,1
https://www.youtube.com/watch?v=Q76TSWqihvg,1
https://www.youtube.com/watch?v=q9_WG7eXelo,1
https://www.youtube.com/watch?v=QawP5MsKP-k,3
https://www.youtube.com/watch?v=Qb5ft1R52T8,1
https://www.youtube.com/watch?v=QcvpjeIdJBE,1
https://www.youtube.com/watch?v=QDCO_J1lOrA,2
https://www.youtube.com/watch?v=qDL3x77Ow2k,1
https://www.youtube.com/watch?v=qFL_JAkWZy8,1
https://www.youtube.com/watch?v=QH2-TGUlwu4,1
https://www.youtube.com/watch?v=QIJUMpm9hcc,1
https://www.youtube.com/watch?v=qjR6tSBysP0,1
https://www.youtube.com/watch?v=qkpyd2lr4dI,1
https://www.youtube.com/watch?v=qLNCUFCaxJY,1
https://www.youtube.com/watch?v=qmIQKj7xBhI,1
https://www.youtube.com/watch?v=qmVnr7rsWrE,1
https://www.youtube.com/watch?v=qnydFmqHuVo,1
https://www.youtube.com/watch?v=QQtb-q6i-ZY,1
https://www.youtube.com/watch?v=QR9FwcwxTG4,2
https://www.youtube.com/watch?v=qybUFnY7Y8w,1
https://www.youtube.com/watch?v=QYmahQqkfyA,2
https://www.youtube.com/watch?v=r-XDrTTSXeI,2
https://www.youtube.com/watch?v=r1gxEVT18w8,2
https://www.youtube.com/watch?v=R8GMJAvgp1U,2
https://www.youtube.com/watch?v=R8ZF_ISU2Xg,2
https://www.youtube.com/watch?v=Rbi4PZBQaiM,1
https://www.youtube.com/watch?v=RDZu04v7_hc,2
https://www.youtube.com/watch?v=RIz3klPET3o,1
https://www.youtube.com/watch?v=rJGifTou5FE,1
https://www.youtube.com/watch?v=RJISYEbPF4E,2
https://www.youtube.com/watch?v=rKWQQQjAEBU,1
https://www.youtube.com/watch?v=RmHkx9P19hg,1
https://www.youtube.com/watch?v=RMhq4FAy9jc,2
https://www.youtube.com/watch?v=RnGtl_tTXnM,1
https://www.youtube.com/watch?v=rNYaw4EJpZo,2
https://www.youtube.com/watch?v=RRwqftGrxf4,1
https://www.youtube.com/watch?v=RY_2gElt3SA,1
https://www.youtube.com/watch?v=s4bC7VkRCws,1
https://www.youtube.com/watch?v=SaA_cs4WZHM,1
https://www.youtube.com/watch?v=sAyX92BQNPM,2
https://www.youtube.com/watch?v=sbAlWFTvTTM,2
https://www.youtube.com/watch?v=SDACj0tkD-s,3
https://www.youtube.com/watch?v=SDAylrT8sk8,2
https://www.youtube.com/watch?v=SDfn8I4Ooi8,1
https://www.youtube.com/watch?v=SDZcGz4vmJc,3
https://www.youtube.com/watch?v=SFmM5CWnmtE,1
https://www.youtube.com/watch?v=SgaM2kC_5ic,1
https://www.youtube.com/watch?v=ShPKhso_TkM,1
https://www.youtube.com/watch?v=ShtIRODxvmc,1
https://www.youtube.com/watch?v=sHzdsFiBbFc,1
https://www.youtube.com/watch?v=sI0l3SsA9fI,2
https://www.youtube.com/watch?v=sker5mvMTj8,2
https://www.youtube.com/watch?v=SO60YNlGYds,1
https://www.youtube.com/watch?v=SPE-ruW6fWw,1
https://www.youtube.com/watch?v=Stq2O803lTQ,1
https://www.youtube.com/watch?v=sWEfszb9h8Q,3
https://www.youtube.com/watch?v=szNuLvKltSk,1
https://www.youtube.com/watch?v=t1r6BmNJX6Y,1
https://www.youtube.com/watch?v=taWzoLpdxaI,1
https://www.youtube.com/watch?v=tbNlMtqrYS0,1
https://www.youtube.com/watch?v=TcrcuLmwjys,2
https://www.youtube.com/watch?v=THNPmhBl-8I,1
https://www.youtube.com/watch?v=TilkHhUXAS0,1
https://www.youtube.com/watch?v=TR_8SDNQ0ks,1
https://www.youtube.com/watch?v=tXKKMtKTNiM,1
https://www.youtube.com/watch?v=U_YBzJBa_mA,1
https://www.youtube.com/watch?v=U5uRQ84kBRA,2
https://www.youtube.com/watch?v=U7F4ZHddrU8,3
https://www.youtube.com/watch?v=UDLpEQmdNZE,1
https://www.youtube.com/watch?v=ukDAfF0-8q8,1
https://www.youtube.com/watch?v=Ul7IE3CTmSs,1
https://www.youtube.com/watch?v=UmPmpUTr22c,1
https://www.youtube.com/watch?v=uNjxe8ShM-8,1
https://www.youtube.com/watch?v=uOulZG4_KtE,3
https://www.youtube.com/watch?v=ussCHoQttyQ,1
https://www.youtube.com/watch?v=UTuPPUKIRFc,1
https://www.youtube.com/watch?v=uXbGJFz-GqQ,1
https://www.youtube.com/watch?v=uXzYaW8-YK0,1
https://www.youtube.com/watch?v=uy2LRxdlgWA,1
https://www.youtube.com/watch?v=v0YEaeIClKY,1
https://www.youtube.com/watch?v=v6fxsvQxV8g,1
https://www.youtube.com/watch?v=V7MVKCgKWpU,2
https://www.youtube.com/watch?v=VaqONei9ra8,2
https://www.youtube.com/watch?v=vBKBI7DOLHA,1
https://www.youtube.com/watch?v=vcBn04IyELc,1
https://www.youtube.com/watch?v=vDYRKON2fxk,2
https://www.youtube.com/watch?v=Vfd_4LHzNHY,1
https://www.youtube.com/watch?v=Vh8l0x9uF-Y,1
https://www.youtube.com/watch?v=VI6dsMeABpU,2
https://www.youtube.com/watch?v=Vi7ULYt2ha0,1
https://www.youtube.com/watch?v=vj-XylS44-k,3
https://www.youtube.com/watch?v=vJmJUallrYA,1
https://www.youtube.com/watch?v=vkj-Xty_EkQ,1
https://www.youtube.com/watch?v=Vl-zqGd6qSc,2
https://www.youtube.com/watch?v=VMg6siSAGCc,2
https://www.youtube.com/watch?v=Vpoiw5bKTl0,1
https://www.youtube.com/watch?v=VSi1TSO_wjA,1
https://www.youtube.com/watch?v=Vt4Dfa4fOEY,1
https://www.youtube.com/watch?v=VTENPXEY7Lw,1
https://www.youtube.com/watch?v=vULshlDlhWE,1
https://www.youtube.com/watch?v=VV5JOQyUYNg,1
https://www.youtube.com/watch?v=WAzDgQR1MpU,2
https://www.youtube.com/watch?v=wDkUpEhqO1M,1
https://www.youtube.com/watch?v=WdYCIqCj7IE,2
https://www.youtube.com/watch?v=weetTrVAUqQ,3
https://www.youtube.com/watch?v=wEKa-Vp_IjQ,2
https://www.youtube.com/watch?v=wEsco6nmokU,1
https://www.youtube.com/watch?v=wF24LCARsMc,3
https://www.youtube.com/watch?v=WI02_UJ1C6I,2
https://www.youtube.com/watch?v=WL1foQKD3OI,1
https://www.youtube.com/watch?v=WniPVE_lO8Y,1
https://www.youtube.com/watch?v=wO0vPzkkZag,1
https://www.youtube.com/watch?v=woFaw_cPyOI,1
https://www.youtube.com/watch?v=WQO-aOdJLiw,1
https://www.youtube.com/watch?v=wRRsXxE1KVY,1
https://www.youtube.com/watch?v=wsRlO4dQJGI,1
https://www.youtube.com/watch?v=Wt7pevIvCbQ,2
https://www.youtube.com/watch?v=wUa__-HAcs8,1
https://www.youtube.com/watch?v=WUlPNWDvk-c,2
https://www.youtube.com/watch?v=WV30GVNQZCQ,1
https://www.youtube.com/watch?v=Wx_5GI0QRdw,1
https://www.youtube.com/watch?v=wZLNggsTcHg,1
https://www.youtube.com/watch?v=wZZ7oFKsKzY,1
https://www.youtube.com/watch?v=x74bZjDYUTE,1
https://www.youtube.com/watch?v=x7ayFcynE-Q,1
https://www.youtube.com/watch?v=X8avbciUP3c,1
https://www.youtube.com/watch?v=xA9W-pNxbAs,1
https://www.youtube.com/watch?v=xaRM8kvS1m0,1
https://www.youtube.com/watch?v=xaRNvJLKP1E,1
https://www.youtube.com/watch?v=Xb3dOy6SUKU,1
https://www.youtube.com/watch?v=xchg0Kxszpo,2
https://www.youtube.com/watch?v=xCY9B8POq3A,1
https://www.youtube.com/watch?v=xe0idflAic4,1
https://www.youtube.com/watch?v=xm4LO22-cyY,3
https://www.youtube.com/watch?v=Xnk4seEHmgw,1
https://www.youtube.com/watch?v=XO9SfsOfT5k,1
https://www.youtube.com/watch?v=Xrh-AfAz-34,1
https://www.youtube.com/watch?v=xuCn8ux2gbs,1
https://www.youtube.com/watch?v=xVUpI9Eed0I,1
https://www.youtube.com/watch?v=xw03RXIYbFc,1
https://www.youtube.com/watch?v=xwrf-mxs0QU,1
https://www.youtube.com/watch?v=XYYo3T6nCw8,1
https://www.youtube.com/watch?v=xZam5xuePH8,1
https://www.youtube.com/watch?v=y6120QOlsfU,2
https://www.youtube.com/watch?v=yBjBXpAleig,1
https://www.youtube.com/watch?v=YCoQwZ9BQ9Q,1
https://www.youtube.com/watch?v=YfIQ7ktFM1g,1
https://www.youtube.com/watch?v=YiUc3KRObnw,1
https://www.youtube.com/watch?v=YJkXOggXrBM,1
https://www.youtube.com/watch?v=YjQifD6PJ_k,1
https://www.youtube.com/watch?v=yMRDC_nFFaQ,1
https://www.youtube.com/watch?v=YNLWDFhFYl0,1
https://www.youtube.com/watch?v=yQ0iTDafXuM,2
https://www.youtube.com/watch?v=YQ3qgIMURgI,2
https://www.youtube.com/watch?v=yrWOhhOsg2k,1
https://www.youtube.com/watch?v=YuBeBjqKSGQ,1
https://www.youtube.com/watch?v=YUsopwFdKeE,1
https://www.youtube.com/watch?v=yXQViqx6GMY,3
https://www.youtube.com/watch?v=yxyZN1zv2t4,1
https://www.youtube.com/watch?v=z3RSOge-_iI,2
https://www.youtube.com/watch?v=ZGAb27hnO78,2
https://www.youtube.com/watch?v=zQufTfdHMfI,1
https://www.youtube.com/watch?v=ZR1CNy1xAAg,1
https://www.youtube.com/watch?v=ZV1bpMamCtY,1
https://www.youtube.com/watch?v=zWg_rD4Hxow,2
https://www.youtube.com/watch?v=ZxeDQv4lE-o,2
https://www.youtube.com/watch?v=ZY3J3Y_OU0w,2
https://www.youtube.com/watch?v=zyAPjtQi7vs,2
https://www.youtube.com/watch?v=zYjcwYrq0VM,1
https://www.youtube.com/watch?v=ZZ5LpwO-An4,1